"GENE","EXONIC","GWAS","ROW","IND"
"A2M",38,0,1,NA
"A2ML1",58,0,2,NA
"A2MP1",0,1,3,NA
"AAAS",12,0,4,NA
"AACS",14,0,5,NA
"ABCB9",15,1,6,NA
"ABCC9",19,0,7,1
"ABCC9,CMAS",0,1,8,1
"ABCD2",9,0,9,NA
"ACACB",60,0,10,NA
"ACAD10",37,2,11,NA
"ACADS",6,1,12,NA
"ACRBP",15,0,13,NA
"ACSM4",20,0,14,NA
"ACSS3",9,0,15,NA
"ACTR6",5,0,16,NA
"ACVR1B",2,0,17,NA
"ACVRL1",7,0,18,NA
"ADAMTS20",38,1,19,NA
"ADCY6",22,0,20,NA
"ADIPOR2",3,1,21,NA
"AEBP2,LOC100506393",0,3,22,NA
"AGAP2",10,0,23,NA
"AICDA",3,0,24,NA
"AKAP3",33,0,25,NA
"ALDH1L2",25,0,26,NA
"ALDH2",13,1,27,NA
"ALG10",5,0,28,NA
"ALG10B",8,0,29,2
"ALG10B,CPNE8",0,1,30,2
"ALKBH2",10,0,31,NA
"ALX1",6,0,32,NA
"AMDHD1",14,0,33,NA
"AMHR2",8,0,34,NA
"AMIGO2",10,0,35,NA
"AMN1",1,0,36,NA
"ANAPC5",8,0,37,NA
"ANAPC7",5,0,38,NA
"ANHX",2,0,39,NA
"ANKLE2",20,0,40,NA
"ANKRD13A",8,0,41,NA
"ANKRD33",18,0,42,NA
"ANKRD52",10,0,43,NA
"ANKS1B",14,3,44,NA
"ANO2",43,1,45,NA
"ANO4",12,0,46,NA
"ANO6",24,1,47,3
"ANO6,LINC00938",0,1,48,3
"ANP32D",5,0,49,NA
"APAF1",29,0,50,NA
"APOBEC1",9,0,51,NA
"APOF",8,0,52,NA
"APOLD1",4,0,53,NA
"APPL2",25,0,54,NA
"AQP2",2,0,55,NA
"AQP5",7,0,56,NA
"AQP6",9,0,57,NA
"ARHGAP9",19,0,58,NA
"ARHGDIB",3,0,59,NA
"ARHGEF25",9,0,60,NA
"ARID2",21,0,61,NA
"ARL1",1,0,62,NA
"ARL6IP4",5,0,63,NA
"ARNTL2",14,0,64,NA
"ARPC3",2,0,65,NA
"ART4",18,0,66,NA
"ASB8",3,0,67,NA
"ASCL1,LOC101929058",0,2,68,NA
"ASCL4",1,0,69,NA
"ASIC1",2,0,70,NA
"ASUN",7,0,71,NA
"ATF1",9,1,72,NA
"ATF7",4,2,73,4
"ATF7,ATP5G2",0,1,74,4
"ATF7IP",24,1,75,NA
"ATG101",1,0,76,NA
"ATN1",20,0,77,NA
"ATP2A2",5,0,78,NA
"ATP2B1",5,2,79,5
"ATP2B1,LINC00936",0,2,80,5
"ATP5B",5,0,81,6
"ATP5B,PTGES3",0,1,82,6
"ATP5G2",1,0,83,NA
"ATP6V0A2",16,1,84,NA
"ATXN2",13,3,85,7
"ATXN2,BRAP",0,1,86,7
"AVIL",32,0,87,NA
"AVPR1A",10,0,88,NA
"B3GNT4",11,0,89,NA
"B4GALNT1",11,0,90,8
"B4GALNT1,OS9",0,1,91,8
"B4GALNT3",47,0,92,NA
"BAZ2A",22,1,93,NA
"BBS10",16,0,94,NA
"BCAT1",7,0,95,NA
"BCDIN3D",10,0,96,9
"BCDIN3D,FAIM2",0,1,97,9
"BCL2L14",11,0,98,NA
"BCL7A",3,0,99,NA
"BEST3",20,0,100,NA
"BHLHE41",2,0,101,NA
"BICD1",14,4,102,10
"BICD1,FGD4",0,1,103,10
"BIN2",13,1,104,NA
"BLOC1S1",1,0,105,NA
"BRAP",7,1,106,NA
"BRI3BP",3,0,107,NA
"BTBD11",21,0,108,NA
"BTG1",1,0,109,NA
"C12orf10",16,0,110,NA
"C12orf29",3,0,111,NA
"C12orf4",10,1,112,NA
"C12orf40",19,0,113,NA
"C12orf42",11,0,114,11
"C12orf42,LOC101929084",0,1,115,11
"C12orf43",8,0,116,NA
"C12orf45",4,0,117,NA
"C12orf49",4,0,118,NA
"C12orf5",6,0,119,NA
"C12orf50",18,0,120,NA
"C12orf54",8,0,121,NA
"C12orf56",14,0,122,NA
"C12orf57",5,0,123,NA
"C12orf60",11,0,124,NA
"C12orf65",5,0,125,NA
"C12orf66",6,0,126,NA
"C12orf71",10,0,127,NA
"C12orf73",1,0,128,NA
"C12orf74",7,0,129,NA
"C12orf77",7,0,130,NA
"C1QL4",1,0,131,NA
"C1RL",16,0,132,NA
"C1S",15,0,133,NA
"C2CD5",16,0,134,NA
"C3AR1",11,0,135,NA
"CABP1",3,0,136,NA
"CACNA1C",17,5,137,NA
"CACNA2D4",42,1,138,NA
"CACNB3",6,1,139,NA
"CALCOCO1",17,1,140,NA
"CAMKK2",9,0,141,NA
"CAND1",9,0,142,NA
"CAPRIN2",20,0,143,NA
"CAPS2",16,0,144,NA
"CAPZA3",14,0,145,12
"CAPZA3,PLEKHA5",0,1,146,12
"CASC1",22,0,147,NA
"CCDC184",3,0,148,NA
"CCDC38",25,0,149,NA
"CCDC42B",3,0,150,NA
"CCDC59",8,0,151,NA
"CCDC60",29,1,152,NA
"CCDC62",19,0,153,NA
"CCDC63",25,2,154,NA
"CCDC64",4,1,155,NA
"CCDC65",20,0,156,NA
"CCDC77",19,0,157,NA
"CCDC91",18,1,158,NA
"CCDC92",9,0,159,NA
"CCER1",4,0,160,NA
"CCND2",2,0,161,13
"CCND2,C12orf5",0,1,162,13
"CCNT1",10,0,163,NA
"CCT2",4,0,164,NA
"CD163",23,0,165,14
"CD163,APOBEC1",0,1,166,14
"CD163L1",46,0,167,NA
"CD27",6,0,168,NA
"CD4",14,0,169,NA
"CD63",3,0,170,NA
"CD69",5,1,171,NA
"CD9",4,0,172,NA
"CDCA3",8,0,173,NA
"CDCA3;CDCA3",1,0,174,NA
"CDK17",4,0,175,15
"CDK17,NEDD1",0,2,176,15
"CDK17;CDK17",1,0,177,NA
"CDK2",2,1,178,NA
"CDK4",3,0,179,NA
"CDKN1B",5,0,180,NA
"CELA1",12,0,181,NA
"CEP290",41,0,182,NA
"CEP83",21,0,183,NA
"CERS5",15,0,184,NA
"CHD4",8,1,185,NA
"CHFR",14,0,186,NA
"CHPT1",6,0,187,NA
"CHST11",6,1,188,NA
"CISTR,HOXC13-AS",0,2,189,NA
"CIT",33,0,190,NA
"CKAP4",11,0,191,NA
"CLEC12A",8,0,192,NA
"CLEC12B",11,0,193,NA
"CLEC1A",6,0,194,NA
"CLEC1B",11,0,195,NA
"CLEC2A",7,0,196,NA
"CLEC2B",2,0,197,NA
"CLEC2D",9,1,198,NA
"CLEC4A",15,0,199,NA
"CLEC4C",6,0,200,NA
"CLEC4D",8,0,201,NA
"CLEC4E",6,0,202,NA
"CLEC6A",10,0,203,NA
"CLEC7A",9,0,204,NA
"CLEC9A",10,0,205,NA
"CLECL1",10,1,206,NA
"CLIP1",21,0,207,NA
"CLLU1",8,0,208,16
"CLLU1,C12orf74",0,1,209,16
"CLLU1OS",1,0,210,NA
"CLSTN3",21,0,211,NA
"CMAS",3,0,212,NA
"CMKLR1",12,2,213,17
"CMKLR1,LINC01498",0,2,214,17
"CNOT2",2,0,215,NA
"CNPY2",3,0,216,NA
"CNTN1",15,1,217,NA
"COL2A1",21,0,218,NA
"COPS7A",3,0,219,NA
"COPZ1",3,0,220,NA
"COQ10A",7,0,221,NA
"COQ5",9,0,222,NA
"CORO1C",3,0,223,NA
"COX14",1,0,224,NA
"COX6A1",1,0,225,18
"COX6A1,TRIAP1",0,1,226,18
"CPM",7,0,227,19
"CPM,CPSF6",0,2,228,19
"CPNE8",1,0,229,NA
"CPSF6,LYZ",0,1,230,NA
"CRACR2A",20,3,231,NA
"CRADD",4,0,232,NA
"CRY1",3,0,233,20
"CRY1,BTBD11",0,1,234,20
"CS",2,0,235,NA
"CSAD",15,0,236,NA
"CSRNP2",9,0,237,NA
"CSRP2",2,0,238,NA
"CTDSP2",1,0,239,NA
"CUX2",19,0,240,NA
"CYP27B1",5,0,241,NA
"DAO",9,0,242,NA
"DAZAP2",1,0,243,NA
"DAZAP2,SMAGP",3,0,244,NA
"DBX2",10,0,245,NA
"DCD",5,0,246,21
"DCD,MUCL1",0,1,247,21
"DCN",8,0,248,22
"DCN,C12orf79",0,2,249,22
"DCP1B",20,1,250,NA
"DCTN2",4,0,251,NA
"DDIT3",5,0,252,NA
"DDN",6,0,253,NA
"DDX11",2,0,254,NA
"DDX23",3,0,255,NA
"DDX47",19,0,256,NA
"DDX51",20,0,257,NA
"DDX54",25,0,258,NA
"DDX55",21,0,259,NA
"DENND5B",11,0,260,NA
"DENR",1,0,261,NA
"DEPDC4",7,0,262,NA
"DERA",1,0,263,NA
"DGKA",9,0,264,NA
"DHH",3,0,265,NA
"DHX37",35,0,266,NA
"DIABLO",9,0,267,NA
"DIP2B",18,0,268,23
"DIP2B,ATF1",0,1,269,23
"DNAH10",136,1,270,NA
"DNAJC14",9,0,271,NA
"DNAJC22",10,0,272,NA
"DNM1L",6,0,273,NA
"DPPA3",1,0,274,NA
"DPY19L2",4,0,275,NA
"DTX1",1,0,276,NA
"DTX3",1,0,277,NA
"DUSP16",11,0,278,NA
"DUSP6",8,0,279,NA
"DYRK2",4,0,280,NA
"DYRK4",12,0,281,NA
"E2F7",20,0,282,24
"E2F7,NAV3",0,2,283,24
"EEA1",24,0,284,NA
"EID3",8,0,285,NA
"EIF2B1",3,0,286,NA
"EIF4B",4,0,287,NA
"ELK3",10,0,288,NA
"EMP1",11,0,289,NA
"ENDOU",23,0,290,NA
"ENO2",3,0,291,NA
"EP400",49,0,292,NA
"EPS8",21,1,293,NA
"EPYC",13,0,294,NA
"ERBB3",29,1,295,NA
"ERC1",21,0,296,NA
"ERGIC2",1,0,297,NA
"ERP27",8,0,298,NA
"ERP29",6,0,299,NA
"ESPL1",37,0,300,NA
"ESYT1",30,0,301,NA
"ETNK1",10,0,302,NA
"ETV6",4,2,303,NA
"FAIM2",3,0,304,NA
"FAM101A,ZNF664-FAM101A",4,0,305,NA
"FAM109A",3,0,306,NA
"FAM186A",32,0,307,NA
"FAM186B",35,0,308,NA
"FAM19A2",3,0,309,25
"FAM19A2,USP15",0,1,310,25
"FAM216A",6,0,311,NA
"FAM222A",6,0,312,NA
"FAM60A",1,0,313,NA
"FAM71C",11,0,314,NA
"FAM90A1",3,0,315,NA
"FAR2",10,0,316,NA
"FBRSL1",7,0,317,NA
"FBXL14",4,0,318,NA
"FBXO21",2,0,319,NA
"FBXW8",22,0,320,NA
"FGD4",12,0,321,NA
"FGD6",26,0,322,NA
"FGF23",1,0,323,26
"FGF23,FGF6",0,1,324,26
"FGF6",10,0,325,NA
"FGFR1OP2",1,0,326,NA
"FICD",13,0,327,NA
"FIGNL2",2,0,328,27
"FIGNL2,ANKRD33",0,2,329,27
"FKBP11",4,0,330,NA
"FKBP4",3,0,331,NA
"FMNL3",10,0,332,NA
"FOXJ2",4,0,333,NA
"FOXM1",24,0,334,NA
"FOXN4",9,0,335,NA
"FRS2",6,0,336,NA
"FZD10",1,0,337,NA
"GALNT4",2,0,338,NA
"GALNT4,POC1B-GALNT4",10,0,339,NA
"GALNT6",14,0,340,NA
"GALNT8",28,0,341,NA
"GALNT9",3,0,342,NA
"GAPDH",1,0,343,NA
"GAS2L3",21,0,344,NA
"GATC",1,0,345,NA
"GCN1L1",37,0,346,NA
"GDF11",1,0,347,NA
"GDF3",6,0,348,NA
"GIT2",9,1,349,NA
"GLI1",20,0,350,NA
"GLIPR1",6,0,351,NA
"GLIPR1L1",10,0,352,NA
"GLIPR1L2",8,0,353,NA
"GLS2",4,1,354,NA
"GLT1D1",8,0,355,28
"GLT1D1,TMEM132D",0,1,356,28
"GLT8D2",14,0,357,NA
"GLTP",4,0,358,NA
"GNB3",9,0,359,NA
"GNPTAB",29,0,360,NA
"GNS",5,0,361,NA
"GOLGA3",47,0,362,NA
"GOLT1B",2,0,363,NA
"GPD1",14,0,364,NA
"GPN3",4,0,365,NA
"GPR133",32,2,366,NA
"GPR162",15,0,367,NA
"GPR182",7,0,368,NA
"GPR19",6,0,369,NA
"GPR84",19,0,370,NA
"GPRC5A",20,0,371,NA
"GPRC5D",9,0,372,NA
"GRASP",3,0,373,NA
"GRIN2B",11,5,374,29
"GRIN2B,ATF7IP",0,1,375,29
"GRIP1",24,1,376,NA
"GSG1",12,0,377,NA
"GTF2H3",5,0,378,NA
"GTSF1",4,0,379,NA
"GUCY2C",23,0,380,NA
"GXYLT1",6,0,381,NA
"GYS2",21,0,382,NA
"H1FNT",7,0,383,NA
"H2AFJ",1,0,384,NA
"H3F3C",3,0,385,NA
"HAL",30,0,386,NA
"HCAR1",7,0,387,NA
"HCAR2",4,0,388,NA
"HCAR3",3,0,389,NA
"HCFC2",5,0,390,NA
"HDAC7",15,0,391,NA
"HEBP1",7,0,392,NA
"HECTD4",33,2,393,NA
"HELB",40,0,394,NA
"HIGD1C",6,1,395,NA
"HIP1R",27,0,396,NA
"HMGA2",2,5,397,30
"HMGA2,MIR6074",0,3,398,30
"HNF1A",12,4,399,NA
"HOXC10",10,0,400,NA
"HOXC11",3,0,401,NA
"HOXC12",2,0,402,NA
"HOXC13",1,0,403,31
"HOXC13,HOXC12",0,1,404,31
"HOXC4",4,0,405,NA
"HOXC5",2,0,406,NA
"HOXC6",3,0,407,NA
"HOXC8",2,0,408,NA
"HOXC9",1,0,409,NA
"HPD",11,0,410,NA
"HRK,FBXW8",0,1,411,NA
"HSD17B6",10,0,412,32
"HSD17B6,SDR9C7",0,1,413,32
"HSP90B1",5,0,414,NA
"HSPB8",3,0,415,NA
"HVCN1",5,0,416,NA
"IAPP",2,0,417,NA
"IFFO1",8,0,418,NA
"IFNG",1,0,419,NA
"IFNG-AS1,IFNG",0,2,420,NA
"IFT81",12,0,421,33
"IFT81,ATP2A2",0,1,422,33
"IGF1",4,1,423,34
"IGF1,LINC00485",0,3,424,34
"IGFBP6",7,0,425,NA
"IKBIP",19,0,426,NA
"IKZF4",9,0,427,NA
"IL22",4,0,428,NA
"IL23A",1,0,429,NA
"IL26",3,0,430,NA
"IL31",2,0,431,NA
"ING4",5,0,432,NA
"INHBC",6,0,433,NA
"INHBE",6,0,434,NA
"IPO8",21,0,435,NA
"IQCD",9,0,436,NA
"IQSEC3",10,1,437,NA
"IRAK3",29,0,438,NA
"IRAK4",7,1,439,NA
"ISCU",2,0,440,NA
"ITFG2",5,0,441,NA
"ITGA5",18,0,442,NA
"ITGA7",36,0,443,NA
"ITGB7",15,0,444,NA
"ITPR2",33,1,445,NA
"KANSL2",5,0,446,NA
"KCNA1",2,0,447,NA
"KCNA5",10,0,448,NA
"KCNA6",1,0,449,NA
"KCNC2",6,0,450,NA
"KCNH3",4,0,451,NA
"KCNJ8",6,0,452,NA
"KCNMB4",2,0,453,NA
"KCTD10",4,1,454,NA
"KDM2B",9,1,455,NA
"KDM2B;KDM2B",1,0,456,NA
"KDM5A",24,0,457,NA
"KERA",4,0,458,NA
"KIAA1033",24,0,459,NA
"KIAA1467",21,0,460,NA
"KIAA1551",67,0,461,NA
"KIF21A",30,0,462,NA
"KIF5A",6,1,463,NA
"KITLG",5,3,464,35
"KITLG,LOC728084",0,1,465,35
"KLHL42",1,0,466,36
"KLHL42,PTHLH",0,2,467,36
"KLRB1",6,0,468,NA
"KLRC1",5,0,469,NA
"KLRC3",5,0,470,NA
"KLRC4",4,0,471,NA
"KLRC4-KLRK1,KLRK1",6,0,472,NA
"KLRD1",6,0,473,NA
"KLRF1",4,0,474,NA
"KLRF2",2,0,475,NA
"KLRG1",6,0,476,NA
"KMT2D",50,0,477,NA
"KNTC1",43,0,478,37
"KNTC1,HCAR2",0,1,479,37
"KRAS",4,0,480,NA
"KRR1",4,0,481,38
"KRR1,PHLDA1",0,1,482,38
"KRT1",10,0,483,NA
"KRT19P2,NDUFA12",0,1,484,NA
"KRT2",21,0,485,NA
"KRT3",14,0,486,NA
"KRT4",17,0,487,NA
"KRT5",14,0,488,NA
"KRT6A",4,0,489,NA
"KRT6B",2,0,490,NA
"KRT6C",1,0,491,NA
"KRT7",8,0,492,NA
"KRT71",21,0,493,NA
"KRT72",18,0,494,NA
"KRT73",23,0,495,NA
"KRT74",27,0,496,NA
"KRT75",27,0,497,NA
"KRT76",24,0,498,NA
"KRT77",20,0,499,NA
"KRT78",28,0,500,39
"KRT78,KRT8",0,1,501,39
"KRT79",24,0,502,NA
"KRT8",1,0,503,NA
"KRT80",18,0,504,NA
"KRT81",9,0,505,NA
"KRT82",27,0,506,NA
"KRT83",10,0,507,NA
"KRT84",26,0,508,NA
"KRT85",14,0,509,NA
"KRT86",1,0,510,NA
"KSR2",6,3,511,NA
"LACRT",1,0,512,NA
"LAG3",15,0,513,NA
"LALBA",6,0,514,NA
"LARP4",10,0,515,NA
"LDHB",4,0,516,NA
"LEMD3",15,0,517,NA
"LEPREL2",0,1,518,NA
"LETMD1",7,0,519,NA
"LETMD1;LETMD1",1,0,520,NA
"LGR5",31,0,521,NA
"LHX5",2,0,522,NA
"LHX5-AS1,LINC01234",0,1,523,NA
"LIMA1",18,0,524,NA
"LIN7A",1,0,525,NA
"LINC00477,BCAT1",0,2,526,NA
"LINC00936,LINC00615",0,3,527,NA
"LINC00942,FBXL14",0,1,528,NA
"LINC01405,CUX2",0,1,529,NA
"LMBR1L",5,0,530,NA
"LMNTD1",15,0,531,NA
"LOC100190940,FZD10-AS1",0,1,532,NA
"LOC100287944",0,2,533,NA
"LOC100506393",0,1,534,40
"LOC100506393,PDE3A",0,2,535,40
"LOC100506606",0,1,536,NA
"LOC100506869,LRIG3",0,1,537,NA
"LOC100507065,RPSAP52",0,1,538,NA
"LOC100507195,RAP1B",0,1,539,NA
"LOC100507377",0,1,540,NA
"LOC101927058,ADAMTS20",0,1,541,NA
"LOC101927592,LOC101927616",0,1,542,NA
"LOC101928137",0,1,543,41
"LOC101928137,LOC100507377",0,2,544,41
"LOC101928441,SOX5",0,1,545,NA
"LOC101928471",0,1,546,NA
"LOC101928937",0,1,547,NA
"LOC283440,FKBP4",0,1,548,NA
"LOC338797,SFSWAP",0,3,549,NA
"LOC643339",0,1,550,NA
"LOH12CR1",3,0,551,NA
"LPAR5",2,0,552,NA
"LPCAT3",9,0,553,NA
"LRCOL1",2,0,554,NA
"LRIG3",24,0,555,42
"LRIG3,SLC16A7",0,1,556,42
"LRMP",17,0,557,NA
"LRP1",57,2,558,NA
"LRP6",26,0,559,NA
"LRRC10",8,0,560,NA
"LRRC23",11,0,561,NA
"LRRC43",27,0,562,NA
"LRRIQ1",53,0,563,NA
"LRRK2",48,0,564,NA
"LRTM2",8,0,565,NA
"LTA4H",7,0,566,NA
"LTBR",6,0,567,43
"LTBR,CD27-AS1",0,1,568,43
"LUM",3,0,569,NA
"LYRM5",1,0,570,NA
"LYZ",6,0,571,NA
"M6PR",2,0,572,NA
"MAGOHB",1,0,573,NA
"MANSC1",12,0,574,NA
"MANSC4",8,0,575,NA
"MAP1LC3B2",3,1,576,NA
"MAP3K12",3,0,577,NA
"MAPKAPK5",4,0,578,NA
"MARCH9",3,0,579,NA
"MARS",19,0,580,NA
"MBD6",16,0,581,NA
"MCRS1",4,0,582,NA
"MDM1",22,0,583,44
"MDM1,LOC100507195",0,1,584,44
"MDM2",6,0,585,NA
"MED13L",22,0,586,NA
"MED21",1,0,587,NA
"METAP2",5,0,588,NA
"METTL1",3,1,589,NA
"METTL20",7,0,590,NA
"METTL21B",6,0,591,NA
"METTL25",19,0,592,45
"METTL25,TMTC2",0,2,593,45
"METTL7A",3,0,594,NA
"METTL7B",11,0,595,NA
"MFAP5",3,0,596,NA
"MFSD5",7,0,597,NA
"MGAT4C",6,0,598,NA
"MGP",5,0,599,NA
"MGST1",2,0,600,46
"MGST1,LMO3",0,1,601,46
"MIP",3,0,602,NA
"MIRLET7I,PPM1H",0,1,603,NA
"MLEC",2,0,604,NA
"MLF2",3,0,605,NA
"MLXIP",11,0,606,NA
"MMAB",9,1,607,NA
"MMP17",18,0,608,NA
"MMP19",28,0,609,NA
"MON2",20,0,610,NA
"MORN3",7,0,611,NA
"MPHOSPH9",27,0,612,NA
"MRPL42",3,0,613,NA
"MRPL51",2,0,614,NA
"MRPS35",8,0,615,NA
"MSI1",2,0,616,NA
"MSRB3",3,1,617,NA
"MTERF2",8,0,618,NA
"MUC19",0,1,619,NA
"MUCL1",3,0,620,NA
"MVK",9,0,621,NA
"MYBPC1",14,0,622,NA
"MYF5",3,0,623,NA
"MYF6",5,0,624,NA
"MYL2",3,0,625,NA
"MYL6",3,0,626,NA
"MYL6B",3,0,627,NA
"MYO1A",39,0,628,NA
"MYO1H",22,0,629,NA
"NAA25",8,2,630,NA
"NACA",25,0,631,NA
"NANOG",2,0,632,NA
"NANOGNB",3,0,633,NA
"NAV3",32,1,634,NA
"NCAPD2",35,0,635,NA
"NCKAP1L",19,0,636,NA
"NCKAP5L",15,0,637,NA
"NCOR2",45,0,638,NA
"NDUFA12",3,0,639,NA
"NDUFA4L2",3,0,640,NA
"NDUFA9",11,0,641,NA
"NECAP1",4,0,642,NA
"NEDD1",14,0,643,47
"NEDD1,RMST",0,2,644,47
"NELL2",20,0,645,NA
"NEUROD4",9,0,646,NA
"NFE2",3,1,647,48
"NFE2,COPZ1",0,1,648,48
"NFYB",1,0,649,NA
"NINJ2",10,0,650,49
"NINJ2,WNK1",0,1,651,49
"NOC4L",14,0,652,NA
"NOP2",24,0,653,NA
"NOS1",18,0,654,NA
"NPFF",6,0,655,NA
"NR1H4",8,0,656,NA
"NR2C1",9,0,657,NA
"NR4A1",11,0,658,NA
"NRIP2",13,0,659,NA
"NT5DC3",5,0,660,NA
"NTF3",4,0,661,NA
"NTN4",12,0,662,NA
"NTS",4,0,663,NA
"NUAK1",12,0,664,NA
"NUDT4",2,0,665,NA
"NUP107",13,0,666,NA
"NUP37",4,0,667,NA
"OAS1",21,0,668,50
"OAS1,OAS3",0,1,669,50
"OAS2",16,0,670,NA
"OAS2;OAS2",1,0,671,NA
"OAS3",31,1,672,NA
"OASL",17,1,673,NA
"OGFOD2",9,0,674,NA
"OLR1",2,0,675,NA
"OR10A7",16,0,676,NA
"OR10AD1",12,0,677,NA
"OR10P1",12,0,678,NA
"OR6C1",15,0,679,NA
"OR6C2",10,0,680,NA
"OR6C3",11,0,681,NA
"OR6C4",18,0,682,NA
"OR6C6",19,0,683,NA
"OR6C65",3,0,684,NA
"OR6C68",12,0,685,51
"OR6C68,OR6C4",0,1,686,51
"OR6C70",13,0,687,NA
"OR6C74",13,0,688,NA
"OR6C75",8,0,689,NA
"OR6C76",8,0,690,NA
"OR8S1",17,0,691,NA
"OR9K2",12,0,692,NA
"ORMDL2",3,0,693,NA
"OS9",10,0,694,NA
"OS9;OS9",1,0,695,NA
"OSBPL8",13,0,696,52
"OSBPL8,ZDHHC17",0,1,697,52
"OTOGL",63,0,698,NA
"OVCH1",37,0,699,NA
"P2RX2",13,0,700,NA
"P2RX2;P2RX2",1,0,701,NA
"P2RX4",11,0,702,NA
"P2RX7",38,0,703,NA
"PA2G4",2,0,704,NA
"PAH",37,0,705,NA
"PAN2",23,0,706,NA
"PARP11",2,0,707,53
"PARP11,CCND2-AS1",0,3,708,53
"PARPBP",11,1,709,NA
"PAWR",5,1,710,NA
"PCED1B",8,0,711,54
"PCED1B,RPAP3",0,2,712,54
"PDE1B",5,0,713,NA
"PDE3A",17,4,714,55
"PDE3A,SLCO1C1",0,1,715,55
"PDE6H",3,0,716,NA
"PDZRN4",30,2,717,56
"PDZRN4,GXYLT1",0,1,718,56
"PEBP1",1,0,719,NA
"PEX5",16,0,720,NA
"PFDN5",2,0,721,NA
"PFKM",13,0,722,NA
"PGAM1P5",0,1,723,NA
"PGAM5",5,0,724,NA
"PHC1",4,1,725,NA
"PHLDA1",8,0,726,NA
"PIANP",2,0,727,NA
"PIK3C2G",46,0,728,NA
"PIP4K2C",8,0,729,NA
"PITPNM2",13,1,730,NA
"PIWIL1",11,0,731,NA
"PKP2",21,0,732,NA
"PLA2G1B",2,0,733,NA
"PLBD1",13,0,734,NA
"PLBD2",12,0,735,NA
"PLCZ1",12,0,736,NA
"PLEKHA5",14,0,737,NA
"PLEKHG6",29,0,738,NA
"PLEKHG7",18,0,739,NA
"PLXNC1",13,0,740,NA
"PMCH",2,0,741,57
"PMCH,IGF1",0,1,742,57
"PMEL",22,0,743,NA
"POC1B",14,0,744,NA
"POC1B-GALNT4",1,0,745,NA
"POC1B,POC1B-GALNT4",1,0,746,NA
"POLE",66,0,747,NA
"POLR3B",16,0,748,NA
"POP5",3,0,749,NA
"POU6F1",3,0,750,NA
"PPFIA2",11,0,751,NA
"PPFIBP1",24,0,752,NA
"PPHLN1",14,0,753,NA
"PPM1H",6,1,754,NA
"PPP1R12A",8,0,755,58
"PPP1R12A,OTOGL",0,1,756,58
"PPP1R1A",5,0,757,NA
"PRB2",0,1,758,59
"PRB2,LINC01252",0,1,759,59
"PRB4",6,0,760,NA
"PRDM4",12,0,761,NA
"PRICKLE1",12,0,762,NA
"PRIM1",7,0,763,NA
"PRKAB1",5,0,764,NA
"PRKAG1",6,0,765,NA
"PRMT8",2,0,766,NA
"PRPF40B",11,0,767,NA
"PRPH",6,0,768,NA
"PRR4",7,0,769,NA
"PSMD9",12,0,770,NA
"PTHLH",2,0,771,60
"PTHLH,CCDC91",0,1,772,60
"PTPN11",5,1,773,61
"PTPN11,RPH3A",0,1,774,61
"PTPN6",5,0,775,NA
"PTPRB",52,0,776,NA
"PTPRO",13,1,777,NA
"PTPRQ",21,0,778,NA
"PTPRR",24,1,779,NA
"PUS1",8,0,780,NA
"PUS7L",28,0,781,NA
"PWP1",10,0,782,NA
"PXMP2",1,0,783,NA
"PXN",13,0,784,NA
"PYROXD1",6,0,785,NA
"PZP",39,0,786,62
"PZP,A2MP1",0,1,787,62
"R3HDM2",5,0,788,63
"R3HDM2,INHBC",0,2,789,63
"RAB21",4,0,790,NA
"RAB35",3,0,791,NA
"RAB3IP",6,0,792,64
"RAB3IP,LINC01481",0,1,793,64
"RAB5B",1,0,794,NA
"RACGAP1",10,0,795,NA
"RAD51AP1",11,0,796,NA
"RAD52",10,0,797,NA
"RAD9B",13,0,798,NA
"RAN,GPR133",0,1,799,NA
"RAPGEF3",22,0,800,NA
"RARG",5,0,801,NA
"RASAL1",23,0,802,NA
"RASSF3",6,0,803,NA
"RASSF8",8,0,804,NA
"RASSF9",15,0,805,NA
"RBM19",33,0,806,65
"RBM19,TBX5",0,2,807,65
"RBMS2",8,1,808,NA
"RBP5",4,0,809,NA
"RDH16",11,0,810,NA
"RDH5",10,0,811,NA
"RECQL",15,0,812,NA
"REP15",4,0,813,NA
"RERG",4,0,814,NA
"RERGL",10,0,815,NA
"RFC5",3,0,816,NA
"RFX4",14,0,817,NA
"RHEBL1",3,0,818,NA
"RHNO1",2,0,819,NA
"RHOF",7,0,820,NA
"RIC8B",4,0,821,NA
"RILPL1",4,0,822,NA
"RILPL2",2,0,823,NA
"RIMBP2",26,0,824,66
"RIMBP2,STX2",0,1,825,66
"RIMKLB",4,0,826,NA
"RITA1",8,0,827,NA
"RND1",5,0,828,NA
"RNF10",12,0,829,NA
"RNF34",6,0,830,NA
"RNF41",2,0,831,NA
"RNFT2",7,0,832,67
"RNFT2,HRK",0,1,833,67
"RPAP3",10,0,834,NA
"RPH3A",17,0,835,NA
"RPS26,ERBB3",0,2,836,NA
"RPSAP52",0,2,837,NA
"RSRC2",2,0,838,NA
"SARNP",2,0,839,NA
"SART3",18,0,840,NA
"SBNO1",16,1,841,NA
"SCAF11",30,0,842,68
"SCAF11,SLC38A1",0,1,843,68
"SCARB1",15,4,844,NA
"SCN8A",6,0,845,NA
"SCNN1A",20,0,846,NA
"SCYL2",9,0,847,NA
"SDR9C7",14,0,848,NA
"SDS",6,0,849,NA
"SDSL",11,0,850,NA
"SELPLG",17,1,851,NA
"SENP1",7,0,852,NA
"SETD1B",10,0,853,NA
"SETD8",2,0,854,NA
"SFSWAP",22,0,855,NA
"SH2B3",16,0,856,NA
"SHMT2",9,0,857,NA
"SIRT4",9,0,858,NA
"SKP1P2,MIR3974",0,1,859,NA
"SLC11A2",12,0,860,NA
"SLC15A4",7,1,861,69
"SLC15A4,GLT1D1",0,1,862,69
"SLC15A5",11,1,863,NA
"SLC16A7",10,0,864,70
"SLC16A7,FAM19A2",0,1,865,70
"SLC17A8",11,0,866,71
"SLC17A8,NR1H4",0,1,867,71
"SLC25A3",3,0,868,NA
"SLC26A10",22,0,869,NA
"SLC2A13",8,3,870,72
"SLC2A13,LRRK2",0,1,871,72
"SLC2A14",3,0,872,NA
"SLC2A3",5,0,873,NA
"SLC35E3",8,0,874,NA
"SLC38A2",13,0,875,NA
"SLC38A4",9,0,876,73
"SLC38A4,AMIGO2",0,1,877,73
"SLC39A5",24,0,878,NA
"SLC41A2",4,0,879,NA
"SLC4A8",5,0,880,NA
"SLC5A8",19,0,881,NA
"SLC6A12",11,0,882,NA
"SLC6A13",19,1,883,NA
"SLC6A15",15,0,884,NA
"SLC8B1",15,0,885,NA
"SLCO1A2",27,0,886,NA
"SLCO1B1",30,3,887,NA
"SLCO1B3",16,0,888,74
"SLCO1B3,SLCO1B7",0,1,889,74
"SLCO1B7",22,0,890,NA
"SLCO1C1",12,2,891,NA
"SMAGP",3,0,892,NA
"SMARCC2",12,0,893,NA
"SMARCD1",2,0,894,NA
"SMCO2",7,0,895,NA
"SMCO3",8,0,896,NA
"SMUG1",5,0,897,NA
"SNRNP35",9,0,898,NA
"SOAT2",20,0,899,NA
"SOCS2",1,0,900,75
"SOCS2,CRADD",0,2,901,75
"SOX5",3,2,902,NA
"SP1",9,0,903,NA
"SP7",7,2,904,NA
"SPATS2",14,0,905,NA
"SPPL3",3,1,906,76
"SPPL3,HNF1A-AS1",0,4,907,76
"SPRYD4",3,0,908,NA
"SPSB2",2,0,909,NA
"SPX",4,0,910,NA
"SRGAP1",17,1,911,NA
"SRRM4",13,0,912,NA
"SRSF9",2,0,913,NA
"SSH1",21,0,914,NA
"SSPN",7,0,915,77
"SSPN,ITPR2",0,1,916,77
"ST8SIA1",5,1,917,NA
"STAB2",93,0,918,NA
"STAC3",7,0,919,NA
"STAT2",12,1,920,NA
"STAT6",9,2,921,NA
"STK38L",1,0,922,NA
"STRAP",5,0,923,NA
"STX2",10,0,924,NA
"STYK1",10,0,925,NA
"SUDS3,SRRM4",0,2,926,NA
"SUOX",14,0,927,78
"SUOX,IKZF4",0,1,928,78
"SVOP",3,0,929,NA
"SYCP3",4,0,930,NA
"SYT1",2,0,931,NA
"SYT10",10,0,932,79
"SYT10,ALG10",0,1,933,79
"TAC3",3,0,934,NA
"TAOK3",9,0,935,NA
"TAPBPL",22,0,936,NA
"TARBP2",3,0,937,NA
"TAS2R10",11,0,938,NA
"TAS2R13",6,0,939,NA
"TAS2R14",13,0,940,NA
"TAS2R19",21,0,941,NA
"TAS2R20",14,0,942,NA
"TAS2R30",12,0,943,NA
"TAS2R31",7,0,944,NA
"TAS2R42",12,0,945,NA
"TAS2R43",2,0,946,NA
"TAS2R46",7,0,947,NA
"TAS2R50",7,0,948,NA
"TAS2R7",15,0,949,NA
"TAS2R8",16,0,950,NA
"TAS2R9",11,0,951,NA
"TBC1D15",10,0,952,NA
"TBC1D30",4,1,953,NA
"TBK1",10,0,954,NA
"TBX3",5,0,955,80
"TBX3,MED13L",0,7,956,80
"TBX5",10,2,957,NA
"TBX5-AS1,TBX3",0,2,958,NA
"TCHP",18,0,959,NA
"TCP11L2",21,0,960,NA
"TCTN1",16,0,961,NA
"TCTN2",12,0,962,NA
"TDG",8,0,963,NA
"TEAD4",11,0,964,NA
"TENC1",29,0,965,NA
"TESC",1,0,966,NA
"TESPA1",23,0,967,NA
"TFCP2",1,0,968,NA
"THAP2",3,1,969,NA
"TIMELESS",40,1,970,NA
"TM7SF3",13,0,971,NA
"TMBIM4",7,0,972,NA
"TMBIM6",4,0,973,NA
"TMCC3",16,0,974,NA
"TMED2",2,0,975,NA
"TMEM106C",10,0,976,NA
"TMEM116",5,0,977,NA
"TMEM117",7,0,978,NA
"TMEM119",4,0,979,NA
"TMEM120B",8,0,980,NA
"TMEM132B",16,0,981,NA
"TMEM132C",15,2,982,NA
"TMEM132D",26,0,983,NA
"TMEM19",10,0,984,81
"TMEM19,RAB21",0,1,985,81
"TMEM194A",11,0,986,NA
"TMEM233",1,0,987,NA
"TMEM263",2,1,988,NA
"TMEM5",10,0,989,NA
"TMEM52B",9,0,990,NA
"TMPO",23,0,991,NA
"TMPRSS12",19,0,992,NA
"TMTC1",17,0,993,82
"TMTC1,IPO8",0,2,994,82
"TMTC2",20,1,995,83
"TMTC2,SLC6A15",0,2,996,83
"TMTC3",12,0,997,NA
"TNFRSF1A",8,1,998,NA
"TPCN1",15,0,999,NA
"TPH2",8,0,1000,NA
"TPI1",6,0,1001,NA
"TRAFD1",9,0,1002,NA
"TRHDE",6,1,1003,NA
"TRIAP1",1,0,1004,NA
"TROAP",18,0,1005,NA
"TRPV4",12,0,1006,NA
"TSFM",11,0,1007,NA
"TSPAN11",10,0,1008,NA
"TSPAN19",4,0,1009,NA
"TSPAN31",2,0,1010,NA
"TSPAN8",10,0,1011,84
"TSPAN8,LGR5",0,2,1012,84
"TSPAN9",3,0,1013,NA
"TUBA1C,LOC101927267",0,1,1014,NA
"TULP3",18,0,1015,NA
"TULP3;TULP3",1,0,1016,NA
"TWF1",1,0,1017,NA
"UBE3B",18,0,1018,NA
"UHRF1BP1L",40,0,1019,NA
"ULK1",20,0,1020,NA
"UNC119B",3,1,1021,NA
"UNG",6,0,1022,NA
"USP15",6,0,1023,85
"USP15,MON2",0,1,1024,85
"USP30",10,0,1025,NA
"USP44",16,0,1026,86
"USP44,PGAM1P5",0,2,1027,86
"USP5",11,0,1028,NA
"UTP20",82,1,1029,NA
"VAMP1",0,1,1030,NA
"VDR",12,0,1031,NA
"VEZT",16,0,1032,NA
"VPS33A",11,0,1033,NA
"VPS37B",6,0,1034,NA
"VSIG10",19,0,1035,NA
"VWF",73,0,1036,87
"VWF,CD9",0,2,1037,87
"WBP11",2,0,1038,NA
"WDR66",31,2,1039,NA
"WIF1",6,0,1040,88
"WIF1,LEMD3",0,1,1041,88
"WNK1",39,0,1042,NA
"WNT1",2,0,1043,NA
"WNT10B",9,0,1044,NA
"WNT5B",2,0,1045,NA
"WSB2",5,0,1046,NA
"WSCD2",11,1,1047,NA
"XPOT",6,0,1048,NA
"XRCC6BP1",10,0,1049,89
"XRCC6BP1,LOC101927653",0,1,1050,89
"YAF2",1,0,1051,NA
"YARS2",4,0,1052,NA
"YBX3",9,0,1053,NA
"YEATS4,FRS2",0,2,1054,NA
"ZBTB39",16,0,1055,NA
"ZC3H10",7,0,1056,90
"ZC3H10,ESYT1",0,1,1057,90
"ZCCHC8",11,0,1058,NA
"ZCRB1",4,0,1059,NA
"ZDHHC17",6,0,1060,NA
"ZFC3H1",15,0,1061,NA
"ZNF10",10,0,1062,NA
"ZNF140",9,0,1063,NA
"ZNF26",2,0,1064,NA
"ZNF268",17,0,1065,NA
"ZNF384",3,0,1066,NA
"ZNF385A",5,0,1067,NA
"ZNF605",4,0,1068,NA
"ZNF641",8,0,1069,91
"ZNF641,ANP32D",0,1,1070,91
"ZNF664",2,0,1071,NA
"ZNF740",3,0,1072,NA
"ZNF84",2,0,1073,NA
