Chr,Start,End,Ref,Alt,Func.refGene,Gene.refGene,GeneDetail.refGene,ExonicFunc.refGene,AAChange.refGene,pLi.refGene,pRec.refGene,pNull.refGene,Disease_description.refGene,P(HI).refGene,P(rec).refGene,RVIS.refGene,RVIS_percentile.refGene,GDI.refGene,GDI-Phred.refGene,SIFT_score,SIFT_converted_rankscore,SIFT_pred,LRT_score,LRT_converted_rankscore,LRT_pred,MutationTaster_score,MutationTaster_converted_rankscore,MutationTaster_pred,MutationAssessor_score,MutationAssessor_score_rankscore,MutationAssessor_pred,FATHMM_score,FATHMM_converted_rankscore,FATHMM_pred,PROVEAN_score,PROVEAN_converted_rankscore,PROVEAN_pred,MetaSVM_score,MetaSVM_rankscore,MetaSVM_pred,MetaLR_score,MetaLR_rankscore,MetaLR_pred,M-CAP_score,M-CAP_rankscore,M-CAP_pred,MutPred_score,MutPred_rankscore,fathmm-MKL_coding_score,fathmm-MKL_coding_rankscore,fathmm-MKL_coding_pred,Eigen_coding_or_noncoding,Eigen-raw,Eigen-PC-raw,GenoCanyon_score,GenoCanyon_score_rankscore,integrated_fitCons_score,integrated_fitCons_score_rankscore,integrated_confidence_value,GERP++_RS,GERP++_RS_rankscore,phyloP100way_vertebrate,phyloP100way_vertebrate_rankscore,phyloP20way_mammalian,phyloP20way_mammalian_rankscore,phastCons100way_vertebrate,phastCons100way_vertebrate_rankscore,phastCons20way_mammalian,phastCons20way_mammalian_rankscore,SiPhy_29way_logOdds,SiPhy_29way_logOdds_rankscore,Interpro_domain,GTEx_V6p_gene,GTEx_V6p_tissue,gwasCatalog,wgRna,Otherinfo
12,4521664,4521664,C,T,"intergenic","FGF23;FGF6","dist=32770;dist=21644",.,.,.,.,.,.,.,.,.,.,.,.,.,.,.,.,.,.,.,.,.,.,.,.,.,.,.,.,.,.,.,.,.,.,.,.,.,.,.,.,.,.,.,.,.,.,.,.,.,.,.,.,.,.,.,.,.,.,.,.,.,.,.,.,.,.,.,.,.,""
12,4523235,4523235,T,A,"intergenic","FGF23;FGF6","dist=34341;dist=20073",.,.,.,.,.,.,.,.,.,.,.,.,.,.,.,.,.,.,.,.,.,.,.,.,.,.,.,.,.,.,.,.,.,.,.,.,.,.,.,.,.,.,.,.,.,.,.,.,.,.,.,.,.,.,.,.,.,.,.,.,.,.,.,.,.,.,.,.,.,""
12,4523530,4523530,A,G,"intergenic","FGF23;FGF6","dist=34636;dist=19778",.,.,.,.,.,.,.,.,.,.,.,.,.,.,.,.,.,.,.,.,.,.,.,.,.,.,.,.,.,.,.,.,.,.,.,.,.,.,.,.,.,.,.,.,.,.,.,.,.,.,.,.,.,.,.,.,.,.,.,.,.,.,.,.,.,.,.,.,.,""
12,4524187,4524187,C,T,"intergenic","FGF23;FGF6","dist=35293;dist=19121",.,.,.,.,.,.,.,.,.,.,.,.,.,.,.,.,.,.,.,.,.,.,.,.,.,.,.,.,.,.,.,.,.,.,.,.,.,.,.,.,.,.,.,.,.,.,.,.,.,.,.,.,.,.,.,.,.,.,.,.,.,.,.,.,.,.,.,.,.,""
12,4526350,4526350,G,A,"intergenic","FGF23;FGF6","dist=37456;dist=16958",.,.,.,.,.,.,.,.,.,.,.,.,.,.,.,.,.,.,.,.,.,.,.,.,.,.,.,.,.,.,.,.,.,.,.,.,.,.,.,.,.,.,.,.,.,.,.,.,.,.,.,.,.,.,.,.,.,.,.,.,.,.,.,.,.,.,.,.,.,""
12,4526359,4526359,C,G,"intergenic","FGF23;FGF6","dist=37465;dist=16949",.,.,.,.,.,.,.,.,.,.,.,.,.,.,.,.,.,.,.,.,.,.,.,.,.,.,.,.,.,.,.,.,.,.,.,.,.,.,.,.,.,.,.,.,.,.,.,.,.,.,.,.,.,.,.,.,.,.,.,.,.,.,.,.,.,.,.,.,.,""
12,4528345,4528345,C,G,"intergenic","FGF23;FGF6","dist=39451;dist=14963",.,.,.,.,.,.,.,.,.,.,.,.,.,.,.,.,.,.,.,.,.,.,.,.,.,.,.,.,.,.,.,.,.,.,.,.,.,.,.,.,.,.,.,.,.,.,.,.,.,.,.,.,.,.,.,.,.,.,.,.,.,.,.,.,.,.,.,.,.,""
12,4529032,4529032,G,C,"intergenic","FGF23;FGF6","dist=40138;dist=14276",.,.,.,.,.,.,.,.,.,.,.,.,.,.,.,.,.,.,.,.,.,.,.,.,.,.,.,.,.,.,.,.,.,.,.,.,.,.,.,.,.,.,.,.,.,.,.,.,.,.,.,.,.,.,.,.,.,.,.,.,.,.,.,.,.,.,.,.,.,""
12,4530236,4530236,C,T,"intergenic","FGF23;FGF6","dist=41342;dist=13072",.,.,.,.,.,.,.,.,.,.,.,.,.,.,.,.,.,.,.,.,.,.,.,.,.,.,.,.,.,.,.,.,.,.,.,.,.,.,.,.,.,.,.,.,.,.,.,.,.,.,.,.,.,.,.,.,.,.,.,.,.,.,.,.,.,.,.,.,.,""
12,4530240,4530240,C,A,"intergenic","FGF23;FGF6","dist=41346;dist=13068",.,.,.,.,.,.,.,.,.,.,.,.,.,.,.,.,.,.,.,.,.,.,.,.,.,.,.,.,.,.,.,.,.,.,.,.,.,.,.,.,.,.,.,.,.,.,.,.,.,.,.,.,.,.,.,.,.,.,.,.,.,.,.,.,.,.,.,.,.,""
12,4530516,4530516,A,G,"intergenic","FGF23;FGF6","dist=41622;dist=12792",.,.,.,.,.,.,.,.,.,.,.,.,.,.,.,.,.,.,.,.,.,.,.,.,.,.,.,.,.,.,.,.,.,.,.,.,.,.,.,.,.,.,.,.,.,.,.,.,.,.,.,.,.,.,.,.,.,.,.,.,.,.,.,.,.,.,.,.,.,""
12,4530737,4530737,C,T,"intergenic","FGF23;FGF6","dist=41843;dist=12571",.,.,.,.,.,.,.,.,.,.,.,.,.,.,.,.,.,.,.,.,.,.,.,.,.,.,.,.,.,.,.,.,.,.,.,.,.,.,.,.,.,.,.,.,.,.,.,.,.,.,.,.,.,.,.,.,.,.,.,.,.,.,.,.,.,.,.,.,.,""
12,4531538,4531538,A,C,"intergenic","FGF23;FGF6","dist=42644;dist=11770",.,.,.,.,.,.,.,.,.,.,.,.,.,.,.,.,.,.,.,.,.,.,.,.,.,.,.,.,.,.,.,.,.,.,.,.,.,.,.,.,.,.,.,.,.,.,.,.,.,.,.,.,.,.,.,.,.,.,.,.,.,.,.,.,.,.,.,.,.,""
12,4531661,4531661,A,T,"intergenic","FGF23;FGF6","dist=42767;dist=11647",.,.,.,.,.,.,.,.,.,.,.,.,.,.,.,.,.,.,.,.,.,.,.,.,.,.,.,.,.,.,.,.,.,.,.,.,.,.,.,.,.,.,.,.,.,.,.,.,.,.,.,.,.,.,.,.,.,.,.,.,.,.,.,.,.,.,.,.,.,""
12,4531696,4531696,T,C,"intergenic","FGF23;FGF6","dist=42802;dist=11612",.,.,.,.,.,.,.,.,.,.,.,.,.,.,.,.,.,.,.,.,.,.,.,.,.,.,.,.,.,.,.,.,.,.,.,.,.,.,.,.,.,.,.,.,.,.,.,.,.,.,.,.,.,.,.,.,.,.,.,.,.,.,.,.,.,.,.,.,.,""
12,4532301,4532301,C,A,"intergenic","FGF23;FGF6","dist=43407;dist=11007",.,.,.,.,.,.,.,.,.,.,.,.,.,.,.,.,.,.,.,.,.,.,.,.,.,.,.,.,.,.,.,.,.,.,.,.,.,.,.,.,.,.,.,.,.,.,.,.,.,.,.,.,.,.,.,.,.,.,.,.,.,.,.,.,.,.,.,.,.,""
12,4532302,4532302,A,C,"intergenic","FGF23;FGF6","dist=43408;dist=11006",.,.,.,.,.,.,.,.,.,.,.,.,.,.,.,.,.,.,.,.,.,.,.,.,.,.,.,.,.,.,.,.,.,.,.,.,.,.,.,.,.,.,.,.,.,.,.,.,.,.,.,.,.,.,.,.,.,.,.,.,.,.,.,.,.,.,.,.,.,""
12,4532863,4532863,G,A,"intergenic","FGF23;FGF6","dist=43969;dist=10445",.,.,.,.,.,.,.,.,.,.,.,.,.,.,.,.,.,.,.,.,.,.,.,.,.,.,.,.,.,.,.,.,.,.,.,.,.,.,.,.,.,.,.,.,.,.,.,.,.,.,.,.,.,.,.,.,.,.,.,.,.,.,.,.,.,.,.,.,.,""
12,4532970,4532970,C,T,"intergenic","FGF23;FGF6","dist=44076;dist=10338",.,.,.,.,.,.,.,.,.,.,.,.,.,.,.,.,.,.,.,.,.,.,.,.,.,.,.,.,.,.,.,.,.,.,.,.,.,.,.,.,.,.,.,.,.,.,.,.,.,.,.,.,.,.,.,.,.,.,.,.,.,.,.,.,.,.,.,.,.,""
12,4533379,4533379,C,T,"intergenic","FGF23;FGF6","dist=44485;dist=9929",.,.,.,.,.,.,.,.,.,.,.,.,.,.,.,.,.,.,.,.,.,.,.,.,.,.,.,.,.,.,.,.,.,.,.,.,.,.,.,.,.,.,.,.,.,.,.,.,.,.,.,.,.,.,.,.,.,.,.,.,.,.,.,.,.,.,.,"Name=Response to cytadine analogues (cytosine arabinoside)",.,""
12,4533605,4533605,T,C,"intergenic","FGF23;FGF6","dist=44711;dist=9703",.,.,.,.,.,.,.,.,.,.,.,.,.,.,.,.,.,.,.,.,.,.,.,.,.,.,.,.,.,.,.,.,.,.,.,.,.,.,.,.,.,.,.,.,.,.,.,.,.,.,.,.,.,.,.,.,.,.,.,.,.,.,.,.,.,.,.,.,.,""
12,4533676,4533676,G,A,"intergenic","FGF23;FGF6","dist=44782;dist=9632",.,.,.,.,.,.,.,.,.,.,.,.,.,.,.,.,.,.,.,.,.,.,.,.,.,.,.,.,.,.,.,.,.,.,.,.,.,.,.,.,.,.,.,.,.,.,.,.,.,.,.,.,.,.,.,.,.,.,.,.,.,.,.,.,.,.,.,.,.,""
12,4534200,4534200,G,A,"intergenic","FGF23;FGF6","dist=45306;dist=9108",.,.,.,.,.,.,.,.,.,.,.,.,.,.,.,.,.,.,.,.,.,.,.,.,.,.,.,.,.,.,.,.,.,.,.,.,.,.,.,.,.,.,.,.,.,.,.,.,.,.,.,.,.,.,.,.,.,.,.,.,.,.,.,.,.,.,.,.,.,""
12,4534253,4534253,G,A,"intergenic","FGF23;FGF6","dist=45359;dist=9055",.,.,.,.,.,.,.,.,.,.,.,.,.,.,.,.,.,.,.,.,.,.,.,.,.,.,.,.,.,.,.,.,.,.,.,.,.,.,.,.,.,.,.,.,.,.,.,.,.,.,.,.,.,.,.,.,.,.,.,.,.,.,.,.,.,.,.,.,.,""
12,4534370,4534370,A,C,"intergenic","FGF23;FGF6","dist=45476;dist=8938",.,.,.,.,.,.,.,.,.,.,.,.,.,.,.,.,.,.,.,.,.,.,.,.,.,.,.,.,.,.,.,.,.,.,.,.,.,.,.,.,.,.,.,.,.,.,.,.,.,.,.,.,.,.,.,.,.,.,.,.,.,.,.,.,.,.,.,.,.,""
12,4534660,4534660,G,A,"intergenic","FGF23;FGF6","dist=45766;dist=8648",.,.,.,.,.,.,.,.,.,.,.,.,.,.,.,.,.,.,.,.,.,.,.,.,.,.,.,.,.,.,.,.,.,.,.,.,.,.,.,.,.,.,.,.,.,.,.,.,.,.,.,.,.,.,.,.,.,.,.,.,.,.,.,.,.,.,.,.,.,""
12,4534959,4534959,A,G,"intergenic","FGF23;FGF6","dist=46065;dist=8349",.,.,.,.,.,.,.,.,.,.,.,.,.,.,.,.,.,.,.,.,.,.,.,.,.,.,.,.,.,.,.,.,.,.,.,.,.,.,.,.,.,.,.,.,.,.,.,.,.,.,.,.,.,.,.,.,.,.,.,.,.,.,.,.,.,.,.,.,.,""
12,4535325,4535325,T,C,"intergenic","FGF23;FGF6","dist=46431;dist=7983",.,.,.,.,.,.,.,.,.,.,.,.,.,.,.,.,.,.,.,.,.,.,.,.,.,.,.,.,.,.,.,.,.,.,.,.,.,.,.,.,.,.,.,.,.,.,.,.,.,.,.,.,.,.,.,.,.,.,.,.,.,.,.,.,.,.,.,.,.,""
12,4535326,4535326,G,A,"intergenic","FGF23;FGF6","dist=46432;dist=7982",.,.,.,.,.,.,.,.,.,.,.,.,.,.,.,.,.,.,.,.,.,.,.,.,.,.,.,.,.,.,.,.,.,.,.,.,.,.,.,.,.,.,.,.,.,.,.,.,.,.,.,.,.,.,.,.,.,.,.,.,.,.,.,.,.,.,.,.,.,""
12,4535774,4535774,T,C,"intergenic","FGF23;FGF6","dist=46880;dist=7534",.,.,.,.,.,.,.,.,.,.,.,.,.,.,.,.,.,.,.,.,.,.,.,.,.,.,.,.,.,.,.,.,.,.,.,.,.,.,.,.,.,.,.,.,.,.,.,.,.,.,.,.,.,.,.,.,.,.,.,.,.,.,.,.,.,.,.,.,.,""
12,4535781,4535781,G,A,"intergenic","FGF23;FGF6","dist=46887;dist=7527",.,.,.,.,.,.,.,.,.,.,.,.,.,.,.,.,.,.,.,.,.,.,.,.,.,.,.,.,.,.,.,.,.,.,.,.,.,.,.,.,.,.,.,.,.,.,.,.,.,.,.,.,.,.,.,.,.,.,.,.,.,.,.,.,.,.,.,"Name=Phosphorus levels",.,""
12,4536096,4536096,T,G,"intergenic","FGF23;FGF6","dist=47202;dist=7212",.,.,.,.,.,.,.,.,.,.,.,.,.,.,.,.,.,.,.,.,.,.,.,.,.,.,.,.,.,.,.,.,.,.,.,.,.,.,.,.,.,.,.,.,.,.,.,.,.,.,.,.,.,.,.,.,.,.,.,.,.,.,.,.,.,.,.,.,.,""
12,4537014,4537014,T,G,"intergenic","FGF23;FGF6","dist=48120;dist=6294",.,.,.,.,.,.,.,.,.,.,.,.,.,.,.,.,.,.,.,.,.,.,.,.,.,.,.,.,.,.,.,.,.,.,.,.,.,.,.,.,.,.,.,.,.,.,.,.,.,.,.,.,.,.,.,.,.,.,.,.,.,.,.,.,.,.,.,.,.,""
12,4537070,4537070,A,C,"intergenic","FGF23;FGF6","dist=48176;dist=6238",.,.,.,.,.,.,.,.,.,.,.,.,.,.,.,.,.,.,.,.,.,.,.,.,.,.,.,.,.,.,.,.,.,.,.,.,.,.,.,.,.,.,.,.,.,.,.,.,.,.,.,.,.,.,.,.,.,.,.,.,.,.,.,.,.,.,.,.,.,""
12,4537421,4537421,A,G,"intergenic","FGF23;FGF6","dist=48527;dist=5887",.,.,.,.,.,.,.,.,.,.,.,.,.,.,.,.,.,.,.,.,.,.,.,.,.,.,.,.,.,.,.,.,.,.,.,.,.,.,.,.,.,.,.,.,.,.,.,.,.,.,.,.,.,.,.,.,.,.,.,.,.,.,.,.,.,.,.,.,.,""
12,4537431,4537431,C,G,"intergenic","FGF23;FGF6","dist=48537;dist=5877",.,.,.,.,.,.,.,.,.,.,.,.,.,.,.,.,.,.,.,.,.,.,.,.,.,.,.,.,.,.,.,.,.,.,.,.,.,.,.,.,.,.,.,.,.,.,.,.,.,.,.,.,.,.,.,.,.,.,.,.,.,.,.,.,.,.,.,.,.,""
12,4537658,4537658,G,A,"intergenic","FGF23;FGF6","dist=48764;dist=5650",.,.,.,.,.,.,.,.,.,.,.,.,.,.,.,.,.,.,.,.,.,.,.,.,.,.,.,.,.,.,.,.,.,.,.,.,.,.,.,.,.,.,.,.,.,.,.,.,.,.,.,.,.,.,.,.,.,.,.,.,.,.,.,.,.,.,.,.,.,""
12,4537841,4537841,G,A,"intergenic","FGF23;FGF6","dist=48947;dist=5467",.,.,.,.,.,.,.,.,.,.,.,.,.,.,.,.,.,.,.,.,.,.,.,.,.,.,.,.,.,.,.,.,.,.,.,.,.,.,.,.,.,.,.,.,.,.,.,.,.,.,.,.,.,.,.,.,.,.,.,.,.,.,.,.,.,.,.,.,.,""
12,4538399,4538399,C,T,"intergenic","FGF23;FGF6","dist=49505;dist=4909",.,.,.,.,.,.,.,.,.,.,.,.,.,.,.,.,.,.,.,.,.,.,.,.,.,.,.,.,.,.,.,.,.,.,.,.,.,.,.,.,.,.,.,.,.,.,.,.,.,.,.,.,.,.,.,.,.,.,.,.,.,.,.,.,.,.,.,.,.,""
12,4539381,4539381,C,G,"intergenic","FGF23;FGF6","dist=50487;dist=3927",.,.,.,.,.,.,.,.,.,.,.,.,.,.,.,.,.,.,.,.,.,.,.,.,.,.,.,.,.,.,.,.,.,.,.,.,.,.,.,.,.,.,.,.,.,.,.,.,.,.,.,.,.,.,.,.,.,.,.,.,.,.,.,.,.,.,.,.,.,""
12,4539709,4539709,G,A,"intergenic","FGF23;FGF6","dist=50815;dist=3599",.,.,.,.,.,.,.,.,.,.,.,.,.,.,.,.,.,.,.,.,.,.,.,.,.,.,.,.,.,.,.,.,.,.,.,.,.,.,.,.,.,.,.,.,.,.,.,.,.,.,.,.,.,.,.,.,.,.,.,.,.,.,.,.,.,.,.,.,.,""
12,4539870,4539870,G,A,"intergenic","FGF23;FGF6","dist=50976;dist=3438",.,.,.,.,.,.,.,.,.,.,.,.,.,.,.,.,.,.,.,.,.,.,.,.,.,.,.,.,.,.,.,.,.,.,.,.,.,.,.,.,.,.,.,.,.,.,.,.,.,.,.,.,.,.,.,.,.,.,.,.,.,.,.,.,.,.,.,.,.,""
12,4541155,4541155,G,A,"intergenic","FGF23;FGF6","dist=52261;dist=2153",.,.,.,.,.,.,.,.,.,.,.,.,.,.,.,.,.,.,.,.,.,.,.,.,.,.,.,.,.,.,.,.,.,.,.,.,.,.,.,.,.,.,.,.,.,.,.,.,.,.,.,.,.,.,.,.,.,.,.,.,.,.,.,.,.,.,.,.,.,""
12,4541441,4541441,T,C,"intergenic","FGF23;FGF6","dist=52547;dist=1867",.,.,.,.,.,.,.,.,.,.,.,.,.,.,.,.,.,.,.,.,.,.,.,.,.,.,.,.,.,.,.,.,.,.,.,.,.,.,.,.,.,.,.,.,.,.,.,.,.,.,.,.,.,.,.,.,.,.,.,.,.,.,.,.,.,.,.,.,.,""
12,4543445,4543445,C,T,"exonic","FGF6",.,"nonsynonymous SNV","FGF6:NM_020996:exon3:c.G563A:p.R188Q","0.000705758","0.515149769","0.484144474",".","0.69677","0.19827","0.218717575","68.27081859","939.23735","5.94008",0.012,0.546,D,0.000,0.843,D,1,0.810,D,1.765,0.459,L,1.47,0.320,T,-1.85,0.433,N,-0.959,0.394,T,0.170,0.511,T,0.046,0.622,D,.,.,0.963,0.681,D,c,0.631,0.623,1.000,0.747,0.487,0.133,0,5.13,0.696,5.835,0.689,0.852,0.362,1.000,0.715,1.000,0.888,18.615,0.912,.,.,.,.,.,""
12,4543487,4543487,T,A,"exonic","FGF6",.,"nonsynonymous SNV","FGF6:NM_020996:exon3:c.A521T:p.D174V","0.000705758","0.515149769","0.484144474",".","0.69677","0.19827","0.218717575","68.27081859","939.23735","5.94008",0.509,0.075,T,0.026,0.260,N,0.002,0.442,P,-0.205,0.041,N,1.73,0.264,T,0.83,0.018,N,-0.996,0.311,T,0.000,0.000,T,.,.,.,.,.,0.131,0.174,N,c,-0.678,-0.474,1.000,0.405,0.487,0.133,0,3.85,0.434,1.484,0.349,0.964,0.580,0.263,0.248,0.999,0.750,6.084,0.191,.,.,.,.,.,""
12,4543722,4543722,A,G,"intronic","FGF6",.,.,.,"0.000705758","0.515149769","0.484144474",".","0.69677","0.19827","0.218717575","68.27081859","939.23735","5.94008",.,.,.,.,.,.,.,.,.,.,.,.,.,.,.,.,.,.,.,.,.,.,.,.,.,.,.,.,.,.,.,.,.,.,.,.,.,.,.,.,.,.,.,.,.,.,.,.,.,.,.,.,.,.,.,.,.,""
12,4544887,4544887,C,T,"intronic","FGF6",.,.,.,"0.000705758","0.515149769","0.484144474",".","0.69677","0.19827","0.218717575","68.27081859","939.23735","5.94008",.,.,.,.,.,.,.,.,.,.,.,.,.,.,.,.,.,.,.,.,.,.,.,.,.,.,.,.,.,.,.,.,.,.,.,.,.,.,.,.,.,.,.,.,.,.,.,.,.,.,.,.,.,.,.,.,.,""
12,4545064,4545064,G,A,"intronic","FGF6",.,.,.,"0.000705758","0.515149769","0.484144474",".","0.69677","0.19827","0.218717575","68.27081859","939.23735","5.94008",.,.,.,.,.,.,.,.,.,.,.,.,.,.,.,.,.,.,.,.,.,.,.,.,.,.,.,.,.,.,.,.,.,.,.,.,.,.,.,.,.,.,.,.,.,.,.,.,.,.,.,.,.,.,.,.,.,""
12,4547666,4547666,T,C,"intronic","FGF6",.,.,.,"0.000705758","0.515149769","0.484144474",".","0.69677","0.19827","0.218717575","68.27081859","939.23735","5.94008",.,.,.,.,.,.,.,.,.,.,.,.,.,.,.,.,.,.,.,.,.,.,.,.,.,.,.,.,.,.,.,.,.,.,.,.,.,.,.,.,.,.,.,.,.,.,.,.,.,.,.,.,.,.,.,.,.,""
12,4547807,4547807,G,A,"intronic","FGF6",.,.,.,"0.000705758","0.515149769","0.484144474",".","0.69677","0.19827","0.218717575","68.27081859","939.23735","5.94008",.,.,.,.,.,.,.,.,.,.,.,.,.,.,.,.,.,.,.,.,.,.,.,.,.,.,.,.,.,.,.,.,.,.,.,.,.,.,.,.,.,.,.,.,.,.,.,.,.,.,.,.,.,.,.,.,.,""
12,4548453,4548453,C,A,"intronic","FGF6",.,.,.,"0.000705758","0.515149769","0.484144474",".","0.69677","0.19827","0.218717575","68.27081859","939.23735","5.94008",.,.,.,.,.,.,.,.,.,.,.,.,.,.,.,.,.,.,.,.,.,.,.,.,.,.,.,.,.,.,.,.,.,.,.,.,.,.,.,.,.,.,.,.,.,.,.,.,.,.,.,.,.,.,.,.,.,""
12,4549019,4549019,C,T,"intronic","FGF6",.,.,.,"0.000705758","0.515149769","0.484144474",".","0.69677","0.19827","0.218717575","68.27081859","939.23735","5.94008",.,.,.,.,.,.,.,.,.,.,.,.,.,.,.,.,.,.,.,.,.,.,.,.,.,.,.,.,.,.,.,.,.,.,.,.,.,.,.,.,.,.,.,.,.,.,.,.,.,.,.,.,.,.,.,.,.,""
12,4549255,4549255,G,A,"intronic","FGF6",.,.,.,"0.000705758","0.515149769","0.484144474",".","0.69677","0.19827","0.218717575","68.27081859","939.23735","5.94008",.,.,.,.,.,.,.,.,.,.,.,.,.,.,.,.,.,.,.,.,.,.,.,.,.,.,.,.,.,.,.,.,.,.,.,.,.,.,.,.,.,.,.,.,.,.,.,.,.,.,.,.,.,.,.,.,.,""
12,4551779,4551779,C,T,"intronic","FGF6",.,.,.,"0.000705758","0.515149769","0.484144474",".","0.69677","0.19827","0.218717575","68.27081859","939.23735","5.94008",.,.,.,.,.,.,.,.,.,.,.,.,.,.,.,.,.,.,.,.,.,.,.,.,.,.,.,.,.,.,.,.,.,.,.,.,.,.,.,.,.,.,.,.,.,.,.,.,.,.,.,.,.,.,.,.,.,""
12,4551904,4551904,G,T,"intronic","FGF6",.,.,.,"0.000705758","0.515149769","0.484144474",".","0.69677","0.19827","0.218717575","68.27081859","939.23735","5.94008",.,.,.,.,.,.,.,.,.,.,.,.,.,.,.,.,.,.,.,.,.,.,.,.,.,.,.,.,.,.,.,.,.,.,.,.,.,.,.,.,.,.,.,.,.,.,.,.,.,.,.,.,.,.,.,.,.,""
12,4552052,4552052,C,G,"intronic","FGF6",.,.,.,"0.000705758","0.515149769","0.484144474",".","0.69677","0.19827","0.218717575","68.27081859","939.23735","5.94008",.,.,.,.,.,.,.,.,.,.,.,.,.,.,.,.,.,.,.,.,.,.,.,.,.,.,.,.,.,.,.,.,.,.,.,.,.,.,.,.,.,.,.,.,.,.,.,.,.,.,.,.,.,.,.,.,.,""
12,4552114,4552114,C,T,"intronic","FGF6",.,.,.,"0.000705758","0.515149769","0.484144474",".","0.69677","0.19827","0.218717575","68.27081859","939.23735","5.94008",.,.,.,.,.,.,.,.,.,.,.,.,.,.,.,.,.,.,.,.,.,.,.,.,.,.,.,.,.,.,.,.,.,.,.,.,.,.,.,.,.,.,.,.,.,.,.,.,.,.,.,.,.,.,.,.,.,""
12,4552231,4552231,A,G,"intronic","FGF6",.,.,.,"0.000705758","0.515149769","0.484144474",".","0.69677","0.19827","0.218717575","68.27081859","939.23735","5.94008",.,.,.,.,.,.,.,.,.,.,.,.,.,.,.,.,.,.,.,.,.,.,.,.,.,.,.,.,.,.,.,.,.,.,.,.,.,.,.,.,.,.,.,.,.,.,.,.,.,.,.,.,.,.,.,.,.,""
12,4553184,4553184,C,T,"intronic","FGF6",.,.,.,"0.000705758","0.515149769","0.484144474",".","0.69677","0.19827","0.218717575","68.27081859","939.23735","5.94008",.,.,.,.,.,.,.,.,.,.,.,.,.,.,.,.,.,.,.,.,.,.,.,.,.,.,.,.,.,.,.,.,.,.,.,.,.,.,.,.,.,.,.,.,.,.,.,.,.,.,.,.,.,.,.,.,.,""
12,4553224,4553224,C,T,"intronic","FGF6",.,.,.,"0.000705758","0.515149769","0.484144474",".","0.69677","0.19827","0.218717575","68.27081859","939.23735","5.94008",.,.,.,.,.,.,.,.,.,.,.,.,.,.,.,.,.,.,.,.,.,.,.,.,.,.,.,.,.,.,.,.,.,.,.,.,.,.,.,.,.,.,.,.,.,.,.,.,.,.,.,.,.,.,.,.,.,""
12,4553332,4553332,A,G,"exonic","FGF6",.,"synonymous SNV","FGF6:NM_020996:exon2:c.T417C:p.V139V","0.000705758","0.515149769","0.484144474",".","0.69677","0.19827","0.218717575","68.27081859","939.23735","5.94008",.,.,.,.,.,.,.,.,.,.,.,.,.,.,.,.,.,.,.,.,.,.,.,.,.,.,.,.,.,.,.,.,.,.,.,.,.,.,.,.,.,.,.,.,.,.,.,.,.,.,.,.,.,.,.,.,.,""
12,4553383,4553383,A,G,"exonic","FGF6",.,"synonymous SNV","FGF6:NM_020996:exon2:c.T366C:p.T122T","0.000705758","0.515149769","0.484144474",".","0.69677","0.19827","0.218717575","68.27081859","939.23735","5.94008",.,.,.,.,.,.,.,.,.,.,.,.,.,.,.,.,.,.,.,.,.,.,.,.,.,.,.,.,.,.,.,.,.,.,.,.,.,.,.,.,.,.,.,.,.,.,.,.,.,.,.,.,.,.,.,.,.,""
12,4553518,4553518,T,C,"intronic","FGF6",.,.,.,"0.000705758","0.515149769","0.484144474",".","0.69677","0.19827","0.218717575","68.27081859","939.23735","5.94008",.,.,.,.,.,.,.,.,.,.,.,.,.,.,.,.,.,.,.,.,.,.,.,.,.,.,.,.,.,.,.,.,.,.,.,.,.,.,.,.,.,.,.,.,.,.,.,.,.,.,.,.,.,.,.,.,.,""
12,4553523,4553523,C,T,"intronic","FGF6",.,.,.,"0.000705758","0.515149769","0.484144474",".","0.69677","0.19827","0.218717575","68.27081859","939.23735","5.94008",.,.,.,.,.,.,.,.,.,.,.,.,.,.,.,.,.,.,.,.,.,.,.,.,.,.,.,.,.,.,.,.,.,.,.,.,.,.,.,.,.,.,.,.,.,.,.,.,.,.,.,.,.,.,.,.,.,""
12,4553669,4553669,T,C,"intronic","FGF6",.,.,.,"0.000705758","0.515149769","0.484144474",".","0.69677","0.19827","0.218717575","68.27081859","939.23735","5.94008",.,.,.,.,.,.,.,.,.,.,.,.,.,.,.,.,.,.,.,.,.,.,.,.,.,.,.,.,.,.,.,.,.,.,.,.,.,.,.,.,.,.,.,.,.,.,.,.,.,.,.,.,.,.,.,.,.,""
12,4553747,4553747,C,A,"intronic","FGF6",.,.,.,"0.000705758","0.515149769","0.484144474",".","0.69677","0.19827","0.218717575","68.27081859","939.23735","5.94008",.,.,.,.,.,.,.,.,.,.,.,.,.,.,.,.,.,.,.,.,.,.,.,.,.,.,.,.,.,.,.,.,.,.,.,.,.,.,.,.,.,.,.,.,.,.,.,.,.,.,.,.,.,.,.,.,.,""
12,4554413,4554413,C,T,"exonic","FGF6",.,"synonymous SNV","FGF6:NM_020996:exon1:c.G324A:p.G108G","0.000705758","0.515149769","0.484144474",".","0.69677","0.19827","0.218717575","68.27081859","939.23735","5.94008",.,.,.,.,.,.,.,.,.,.,.,.,.,.,.,.,.,.,.,.,.,.,.,.,.,.,.,.,.,.,.,.,.,.,.,.,.,.,.,.,.,.,.,.,.,.,.,.,.,.,.,.,.,.,.,.,.,""
12,4554550,4554550,C,T,"exonic","FGF6",.,"nonsynonymous SNV","FGF6:NM_020996:exon1:c.G187A:p.A63T","0.000705758","0.515149769","0.484144474",".","0.69677","0.19827","0.218717575","68.27081859","939.23735","5.94008",0.158,0.239,T,0.090,0.204,N,1,0.090,N,1.01,0.254,L,1.78,0.257,T,-0.74,0.208,N,-1.017,0.248,T,0.024,0.101,T,.,.,.,.,.,0.298,0.237,N,c,-1.006,-0.987,0.742,0.232,0.497,0.185,0,1.03,0.191,1.008,0.293,-0.337,0.073,0.354,0.256,0.245,0.227,4.459,0.110,.,.,.,.,.,""
12,4554630,4554630,A,G,"exonic","FGF6",.,"nonsynonymous SNV","FGF6:NM_020996:exon1:c.T107C:p.V36A","0.000705758","0.515149769","0.484144474",".","0.69677","0.19827","0.218717575","68.27081859","939.23735","5.94008",0.627,0.052,T,0.003,0.359,N,0.978,0.252,P,0.97,0.241,L,1.84,0.247,T,0.8,0.019,N,-1.002,0.293,T,0.000,0.000,T,.,.,.,.,.,0.593,0.306,D,c,-0.593,-0.425,0.975,0.296,0.497,0.185,0,3.3,0.368,1.292,0.327,1.199,0.960,0.995,0.385,0.966,0.452,5.788,0.175,.,.,.,.,.,""
12,4555491,4555491,G,A,"upstream","FGF6","dist=711",.,.,"0.000705758","0.515149769","0.484144474",".","0.69677","0.19827","0.218717575","68.27081859","939.23735","5.94008",.,.,.,.,.,.,.,.,.,.,.,.,.,.,.,.,.,.,.,.,.,.,.,.,.,.,.,.,.,.,.,.,.,.,.,.,.,.,.,.,.,.,.,.,.,.,.,.,.,.,.,.,.,.,.,.,.,""
12,4555575,4555575,G,A,"upstream","FGF6","dist=795",.,.,"0.000705758","0.515149769","0.484144474",".","0.69677","0.19827","0.218717575","68.27081859","939.23735","5.94008",.,.,.,.,.,.,.,.,.,.,.,.,.,.,.,.,.,.,.,.,.,.,.,.,.,.,.,.,.,.,.,.,.,.,.,.,.,.,.,.,.,.,.,.,.,.,.,.,.,.,.,.,.,.,.,.,.,""
12,4555754,4555754,A,G,"upstream","FGF6","dist=974",.,.,"0.000705758","0.515149769","0.484144474",".","0.69677","0.19827","0.218717575","68.27081859","939.23735","5.94008",.,.,.,.,.,.,.,.,.,.,.,.,.,.,.,.,.,.,.,.,.,.,.,.,.,.,.,.,.,.,.,.,.,.,.,.,.,.,.,.,.,.,.,.,.,.,.,.,.,.,.,.,.,.,.,.,.,""
12,4557597,4557597,C,A,"intergenic","FGF6;C12orf4","dist=2817;dist=39299",.,.,.,.,.,.,.,.,.,.,.,.,.,.,.,.,.,.,.,.,.,.,.,.,.,.,.,.,.,.,.,.,.,.,.,.,.,.,.,.,.,.,.,.,.,.,.,.,.,.,.,.,.,.,.,.,.,.,.,.,.,.,.,.,.,.,.,.,.,""
12,4562344,4562344,A,G,"intergenic","FGF6;C12orf4","dist=7564;dist=34552",.,.,.,.,.,.,.,.,.,.,.,.,.,.,.,.,.,.,.,.,.,.,.,.,.,.,.,.,.,.,.,.,.,.,.,.,.,.,.,.,.,.,.,.,.,.,.,.,.,.,.,.,.,.,.,.,.,.,.,.,.,.,.,.,.,.,.,.,.,""
12,4562691,4562691,T,C,"intergenic","FGF6;C12orf4","dist=7911;dist=34205",.,.,.,.,.,.,.,.,.,.,.,.,.,.,.,.,.,.,.,.,.,.,.,.,.,.,.,.,.,.,.,.,.,.,.,.,.,.,.,.,.,.,.,.,.,.,.,.,.,.,.,.,.,.,.,.,.,.,.,.,.,.,.,.,.,.,.,.,.,""
12,4564055,4564055,C,T,"intergenic","FGF6;C12orf4","dist=9275;dist=32841",.,.,.,.,.,.,.,.,.,.,.,.,.,.,.,.,.,.,.,.,.,.,.,.,.,.,.,.,.,.,.,.,.,.,.,.,.,.,.,.,.,.,.,.,.,.,.,.,.,.,.,.,.,.,.,.,.,.,.,.,.,.,.,.,.,.,.,.,.,""
12,4564613,4564613,C,T,"intergenic","FGF6;C12orf4","dist=9833;dist=32283",.,.,.,.,.,.,.,.,.,.,.,.,.,.,.,.,.,.,.,.,.,.,.,.,.,.,.,.,.,.,.,.,.,.,.,.,.,.,.,.,.,.,.,.,.,.,.,.,.,.,.,.,.,.,.,.,.,.,.,.,.,.,.,.,.,.,.,.,.,""
12,4566067,4566067,A,C,"intergenic","FGF6;C12orf4","dist=11287;dist=30829",.,.,.,.,.,.,.,.,.,.,.,.,.,.,.,.,.,.,.,.,.,.,.,.,.,.,.,.,.,.,.,.,.,.,.,.,.,.,.,.,.,.,.,.,.,.,.,.,.,.,.,.,.,.,.,.,.,.,.,.,.,.,.,.,.,.,.,.,.,""
12,4566259,4566259,A,C,"intergenic","FGF6;C12orf4","dist=11479;dist=30637",.,.,.,.,.,.,.,.,.,.,.,.,.,.,.,.,.,.,.,.,.,.,.,.,.,.,.,.,.,.,.,.,.,.,.,.,.,.,.,.,.,.,.,.,.,.,.,.,.,.,.,.,.,.,.,.,.,.,.,.,.,.,.,.,.,.,.,.,.,""
12,4602771,4602771,C,T,"intronic","C12orf4",.,.,.,"9.83E-05","0.997085701","0.002816047",".",".",".","-0.60427181","17.74593064","37.65895","1.12175",.,.,.,.,.,.,.,.,.,.,.,.,.,.,.,.,.,.,.,.,.,.,.,.,.,.,.,.,.,.,.,.,.,.,.,.,.,.,.,.,.,.,.,.,.,.,.,.,.,.,.,.,.,.,.,.,.,""
12,4647676,4647676,C,T,"upstream","C12orf4;RAD51AP1","dist=274",.,.,.,.,.,.,.,.,.,.,.,.,.,.,.,.,.,.,.,.,.,.,.,.,.,.,.,.,.,.,.,.,.,.,.,.,.,.,.,.,.,.,.,.,.,.,.,.,.,.,.,.,.,.,.,.,.,.,.,.,.,.,.,.,.,.,.,.,.,""
12,4679701,4679701,G,A,"intergenic","RAD51AP1;DYRK4","dist=10488;dist=19537",.,.,.,.,.,.,.,.,.,.,.,.,.,.,.,.,.,.,.,.,.,.,.,.,.,.,.,.,.,.,.,.,.,.,.,.,.,.,.,.,.,.,.,.,.,.,.,.,.,.,.,.,.,.,.,.,.,.,.,.,.,.,.,.,.,.,.,.,.,""
